{
  "name": "Appirater",
  "version": "2.0.4",
  "platforms": {
    "ios": "5.0"
  },
  "summary": "A utility that reminds your iPhone app's users to review the app.",
  "homepage": "http://arashpayan.com/blog/2009/09/07/presenting-appirater/",
  "authors": {
    "Arash Payan": "arash.payan@gmail.com"
  },
  "source": {
    "git": "https://github.com/arashpayan/appirater.git",
    "tag": "2.0.4"
  },
  "source_files": "*.{h,m}",
  "resource_bundles": {
    "Appirater": [
      "*.lproj"
    ]
  },
  "requires_arc": true,
  "frameworks": [
    "CFNetwork",
    "SystemConfiguration"
  ],
  "weak_frameworks": "StoreKit",
  "license": {
    "type": "MIT",
    "text": "Copyright 2014. Arash Payan. This library is distributed under the terms of the MIT/X11."
  }
}